state_old,district_old,state_new,district_new
Andaman And Nicobar Islands,North And Middle Andaman,andaman and nicobar islands,north and middle andaman
Andaman And Nicobar Islands,South Andamans,andaman and nicobar islands,south andamans
Andhra Pradesh,Anantapur,andhra pradesh,anantapur
Andhra Pradesh,Chittoor,andhra pradesh,chittoor
Andhra Pradesh,East Godavari,andhra pradesh,east godavari
Andhra Pradesh,Guntur,andhra pradesh,guntur
Andhra Pradesh,Krishna,andhra pradesh,krishna
Andhra Pradesh,Kurnool,andhra pradesh,kurnool
Andhra Pradesh,Prakasam,andhra pradesh,prakasam
Andhra Pradesh,Spsr Nellore,andhra pradesh,sri potti sriramulu nellore
Andhra Pradesh,Srikakulam,andhra pradesh,srikakulam
Andhra Pradesh,Visakhapatanam,andhra pradesh,visakhapatanam
Andhra Pradesh,Vizianagaram,andhra pradesh,vizianagaram
Andhra Pradesh,West Godavari,andhra pradesh,west godavari
Andhra Pradesh,Y.s.r.,andhra pradesh,ysr kadapa
Arunachal Pradesh,Dibang Valley,arunachal pradesh,dibang valley
Arunachal Pradesh,East Kameng,arunachal pradesh,east kameng
Arunachal Pradesh,East Siang,arunachal pradesh,east siang
Arunachal Pradesh,Leparada,arunachal pradesh,west siang
Arunachal Pradesh,Lower Dibang Valley,arunachal pradesh,lower dibang valley
Arunachal Pradesh,Pakke Kessang,arunachal pradesh,east kameng
Arunachal Pradesh,Upper Subansiri,arunachal pradesh,upper subansiri
Arunachal Pradesh,West Kameng,arunachal pradesh,west kameng
Arunachal Pradesh,West Siang,arunachal pradesh,west siang
Assam,Baksa,assam,baksa
Assam,Barpeta,assam,barpeta
Assam,Bongaigaon,assam,bongaigaon
Assam,Cachar,assam,cachar
Assam,Charaideo,assam,sivasagar
Assam,Chirang,assam,chirang
Assam,Dhemaji,assam,dhemaji
Assam,Dhubri,assam,dhubri
Assam,Dibrugarh,assam,dibrugarh
Assam,Dima Hasao,assam,dima hasao
Assam,Goalpara,assam,goalpara
Assam,Golaghat,assam,golaghat
Assam,Hailakandi,assam,hailakandi
Assam,Jorhat,assam,jorhat
Assam,Kamrup,assam,kamrup
Assam,Karbi Anglong,assam,karbi anglong
Assam,Kokrajhar,assam,kokrajhar
Assam,Marigaon,assam,morigaon
Assam,Nagaon,assam,nagaon
Assam,Nalbari,assam,nalbari
Assam,Sonitpur,assam,sonitpur
Assam,Tinsukia,assam,tinsukia
Assam,Udalguri,assam,udalguri
Assam,West Karbi Anglong,assam,karbi anglong
Bihar,Araria,bihar,araria
Bihar,Arwal,bihar,arwal
Bihar,Aurangabad,bihar,aurangabad
Bihar,Banka,bihar,banka
Bihar,Begusarai,bihar,begusarai
Bihar,Bhagalpur,bihar,bhagalpur
Bihar,Bhojpur,bihar,bhojpur
Bihar,Buxar,bihar,buxar
Bihar,Darbhanga,bihar,darbhanga
Bihar,Gaya,bihar,gaya
Bihar,Gopalganj,bihar,gopalganj
Bihar,Jamui,bihar,jamui
Bihar,Jehanabad,bihar,jehanabad
Bihar,Kaimur (bhabua),bihar,kaimur (bhabua)
Bihar,Katihar,bihar,katihar
Bihar,Kishanganj,bihar,kishanganj
Bihar,Madhepura,bihar,madhepura
Bihar,Madhubani,bihar,madhubani
Bihar,Muzaffarpur,bihar,muzaffarpur
Bihar,Nalanda,bihar,nalanda
Bihar,Nawada,bihar,nawada
Bihar,Pashchim Champaran,bihar,pashchim champaran
Bihar,Patna,bihar,patna
Bihar,Purbi Champaran,bihar,purbi champaran
Bihar,Purnia,bihar,purnia
Bihar,Rohtas,bihar,rohtas
Bihar,Saharsa,bihar,saharsa
Bihar,Samastipur,bihar,samastipur
Bihar,Saran,bihar,saran
Bihar,Sheohar,bihar,sheohar
Bihar,Sitamarhi,bihar,sitamarhi
Bihar,Siwan,bihar,siwan
Bihar,Supaul,bihar,supaul
Bihar,Vaishali,bihar,vaishali
Chandigarh,Chandigarh,chandigarh,chandigarh
Chhattisgarh,Balod,chhattisgarh,durg
Chhattisgarh,Baloda Bazar,chhattisgarh,raipur
Chhattisgarh,Balrampur,chhattisgarh,surguja
Chhattisgarh,Bastar,chhattisgarh,bastar
Chhattisgarh,Bemetara,chhattisgarh,durg
Chhattisgarh,Bijapur,chhattisgarh,bijapur
Chhattisgarh,Bilaspur,chhattisgarh,bilaspur
Chhattisgarh,Dantewada,chhattisgarh,dakshin bastar dantewada
Chhattisgarh,Dhamtari,chhattisgarh,dhamtari
Chhattisgarh,Durg,chhattisgarh,durg
Chhattisgarh,Gariyaband,chhattisgarh,raipur
Chhattisgarh,Gourella-pendra-marwahi,chhattisgarh,bilaspur
Chhattisgarh,Janjgir-champa,chhattisgarh,janjgir-champa
Chhattisgarh,Jashpur,chhattisgarh,jashpur
Chhattisgarh,Kabirdham,chhattisgarh,kabirdham
Chhattisgarh,Kanker,chhattisgarh,kanker
Chhattisgarh,Kondagaon,chhattisgarh,bastar
Chhattisgarh,Korba,chhattisgarh,korba
Chhattisgarh,Korea,chhattisgarh,koriya
Chhattisgarh,Mahasamund,chhattisgarh,mahasamund
Chhattisgarh,Mungeli,chhattisgarh,bilaspur
Chhattisgarh,Narayanpur,chhattisgarh,narayanpur
Chhattisgarh,Raigarh,chhattisgarh,raigarh
Chhattisgarh,Raipur,chhattisgarh,raipur
Chhattisgarh,Rajnandgaon,chhattisgarh,rajnandgaon
Chhattisgarh,Sukma,chhattisgarh,dakshin bastar dantewada
Chhattisgarh,Surajpur,chhattisgarh,surguja
Chhattisgarh,Surguja,chhattisgarh,surguja
Delhi,North East Delhi,nct of delhi,north east delhi
Delhi,North West Delhi,nct of delhi,north west delhi
Delhi,South Delhi,nct of delhi,south delhi
Delhi,South West Delhi,nct of delhi,south west delhi
Goa,North Goa,goa,north goa
Goa,South Goa,goa,south goa
Gujarat,Ahmadabad,gujarat,ahmadabad
Gujarat,Amreli,gujarat,amreli
Gujarat,Anand,gujarat,anand
Gujarat,Arvalli,gujarat,sabar kantha
Gujarat,Banas Kantha,gujarat,banas kantha
Gujarat,Bharuch,gujarat,bharuch
Gujarat,Bhavnagar,gujarat,bhavnagar
Gujarat,Botad,gujarat,bhavnagar
Gujarat,Chhotaudepur,gujarat,vadodara
Gujarat,Devbhumi Dwarka,gujarat,jamnagar
Gujarat,Dohad,gujarat,dohad
Gujarat,Gandhinagar,gujarat,gandhinagar
Gujarat,Gir Somnath,gujarat,junagadh
Gujarat,Jamnagar,gujarat,jamnagar
Gujarat,Junagadh,gujarat,junagadh
Gujarat,Kachchh,gujarat,kachchh
Gujarat,Kheda,gujarat,kheda
Gujarat,Mahesana,gujarat,mahesana
Gujarat,Mahisagar,gujarat,panch mahals
Gujarat,Morbi,gujarat,rajkot
Gujarat,Narmada,gujarat,narmada
Gujarat,Navsari,gujarat,navsari
Gujarat,Panch Mahals,gujarat,panch mahals
Gujarat,Patan,gujarat,patan
Gujarat,Porbandar,gujarat,porbandar
Gujarat,Rajkot,gujarat,rajkot
Gujarat,Sabar Kantha,gujarat,sabar kantha
Gujarat,Surat,gujarat,surat
Gujarat,Surendranagar,gujarat,surendranagar
Gujarat,Tapi,gujarat,tapi
Gujarat,Vadodara,gujarat,vadodara
Gujarat,Valsad,gujarat,valsad
Haryana,Ambala,haryana,ambala
Haryana,Bhiwani,haryana,bhiwani
Haryana,Faridabad,haryana,faridabad
Haryana,Fatehabad,haryana,fatehabad
Haryana,Gurgaon,haryana,gurgaon
Haryana,Hisar,haryana,hisar
Haryana,Jhajjar,haryana,jhajjar
Haryana,Jind,haryana,jind
Haryana,Kaithal,haryana,kaithal
Haryana,Karnal,haryana,karnal
Haryana,Kurukshetra,haryana,kurukshetra
Haryana,Mahendragarh,haryana,mahendragarh
Haryana,Mewat,haryana,mewat
Haryana,Palwal,haryana,palwal
Haryana,Panchkula,haryana,panchkula
Haryana,Panipat,haryana,panipat
Haryana,Rewari,haryana,rewari
Haryana,Rohtak,haryana,rohtak
Haryana,Sirsa,haryana,sirsa
Haryana,Sonipat,haryana,sonipat
Haryana,Yamunanagar,haryana,yamunanagar
Himachal Pradesh,Bilaspur,himachal pradesh,bilaspur
Himachal Pradesh,Chamba,himachal pradesh,chamba
Himachal Pradesh,Hamirpur,himachal pradesh,hamirpur
Himachal Pradesh,Kangra,himachal pradesh,kangra
Himachal Pradesh,Kinnaur,himachal pradesh,kinnaur
Himachal Pradesh,Kullu,himachal pradesh,kullu
Himachal Pradesh,Mandi,himachal pradesh,mandi
Himachal Pradesh,Shimla,himachal pradesh,shimla
Himachal Pradesh,Sirmaur,himachal pradesh,sirmaur
Himachal Pradesh,Solan,himachal pradesh,solan
Himachal Pradesh,Una,himachal pradesh,una
Jammu And Kashmir,Bandipore,jammu kashmir,bandipore
Jammu And Kashmir,Baramulla,jammu kashmir,baramulla
Jammu And Kashmir,Doda,jammu kashmir,doda
Jammu And Kashmir,Ganderbal,jammu kashmir,ganderbal
Jammu And Kashmir,Jammu,jammu kashmir,jammu
Jammu And Kashmir,Kulgam,jammu kashmir,kulgam
Jammu And Kashmir,Kupwara,jammu kashmir,kupwara
Jammu And Kashmir,Pulwama,jammu kashmir,pulwama
Jammu And Kashmir,Rajouri,jammu kashmir,rajouri
Jammu And Kashmir,Samba,jammu kashmir,samba
Jammu And Kashmir,Shupiyan,jammu kashmir,shupiyan
Jammu And Kashmir,Srinagar,jammu kashmir,srinagar
Jammu And Kashmir,Udhampur,jammu kashmir,udhampur
Jharkhand,Bokaro,jharkhand,bokaro
Jharkhand,Chatra,jharkhand,chatra
Jharkhand,Deoghar,jharkhand,deoghar
Jharkhand,Dhanbad,jharkhand,dhanbad
Jharkhand,Dumka,jharkhand,dumka
Jharkhand,East Singhbum,jharkhand,east singhbum
Jharkhand,Garhwa,jharkhand,garhwa
Jharkhand,Giridih,jharkhand,giridih
Jharkhand,Godda,jharkhand,godda
Jharkhand,Gumla,jharkhand,gumla
Jharkhand,Hazaribagh,jharkhand,hazaribagh
Jharkhand,Khunti,jharkhand,khunti
Jharkhand,Koderma,jharkhand,koderma
Jharkhand,Latehar,jharkhand,latehar
Jharkhand,Lohardaga,jharkhand,lohardaga
Jharkhand,Pakur,jharkhand,pakur
Jharkhand,Palamu,jharkhand,palamu
Jharkhand,Ramgarh,jharkhand,ramgarh
Jharkhand,Ranchi,jharkhand,ranchi
Jharkhand,Sahebganj,jharkhand,sahebganj
Jharkhand,Saraikela Kharsawan,jharkhand,saraikela kharsawan
Jharkhand,Simdega,jharkhand,simdega
Jharkhand,West Singhbhum,jharkhand,west singhbhum
Karnataka,Bagalkot,karnataka,bagalkot
Karnataka,Bangalore Rural,karnataka,bangalore rural
Karnataka,Belgaum,karnataka,belgaum
Karnataka,Bellary,karnataka,bellary
Karnataka,Bengaluru Urban,karnataka,bangalore
Karnataka,Bidar,karnataka,bidar
Karnataka,Chamarajanagar,karnataka,chamarajanagar
Karnataka,Chikballapur,karnataka,chikkaballapura
Karnataka,Chikmagalur,karnataka,chikmagalur
Karnataka,Chitradurga,karnataka,chitradurga
Karnataka,Dakshin Kannad,karnataka,dakshina kannada
Karnataka,Davangere,karnataka,davangere
Karnataka,Dharwad,karnataka,dharwad
Karnataka,Gadag,karnataka,gadag
Karnataka,Gulbarga,karnataka,gulbarga
Karnataka,Hassan,karnataka,hassan
Karnataka,Haveri,karnataka,haveri
Karnataka,Kodagu,karnataka,kodagu
Karnataka,Kolar,karnataka,kolar
Karnataka,Koppal,karnataka,koppal
Karnataka,Mandya,karnataka,mandya
Karnataka,Mysore,karnataka,mysore
Karnataka,Raichur,karnataka,raichur
Karnataka,Ramanagara,karnataka,ramanagara
Karnataka,Shimoga,karnataka,shimoga
Karnataka,Tumkur,karnataka,tumkur
Karnataka,Udupi,karnataka,udupi
Karnataka,Uttar Kannad,karnataka,uttara kannada
Karnataka,Vijaypura,karnataka,bijapur
Karnataka,Yadgir,karnataka,yadgir
Kerala,Alappuzha,kerala,alappuzha
Kerala,Ernakulam,kerala,ernakulam
Kerala,Idukki,kerala,idukki
Kerala,Kannur,kerala,kannur
Kerala,Kasaragod,kerala,kasaragod
Kerala,Kollam,kerala,kollam
Kerala,Kottayam,kerala,kottayam
Kerala,Kozhikode,kerala,kozhikode
Kerala,Malappuram,kerala,malappuram
Kerala,Palakkad,kerala,palakkad
Kerala,Pathanamthitta,kerala,pathanamthitta
Kerala,Thiruvananthapuram,kerala,thiruvananthapuram
Kerala,Thrissur,kerala,thrissur
Kerala,Wayanad,kerala,wayanad
Ladakh,Leh Ladakh,jammu kashmir,leh ladakh
Lakshadweep,Lakshadweep District,lakshadweep,lakshadweep district
Madhya Pradesh,Agar-malwa,madhya pradesh,shajapur
Madhya Pradesh,Alirajpur,madhya pradesh,alirajpur
Madhya Pradesh,Ashoknagar,madhya pradesh,ashoknagar
Madhya Pradesh,Balaghat,madhya pradesh,balaghat
Madhya Pradesh,Barwani,madhya pradesh,barwani
Madhya Pradesh,Betul,madhya pradesh,betul
Madhya Pradesh,Bhind,madhya pradesh,bhind
Madhya Pradesh,Bhopal,madhya pradesh,bhopal
Madhya Pradesh,Burhanpur,madhya pradesh,burhanpur
Madhya Pradesh,Chhindwara,madhya pradesh,chhindwara
Madhya Pradesh,Damoh,madhya pradesh,damoh
Madhya Pradesh,Datia,madhya pradesh,datia
Madhya Pradesh,Dewas,madhya pradesh,dewas
Madhya Pradesh,Dhar,madhya pradesh,dhar
Madhya Pradesh,Dindori,madhya pradesh,dindori
Madhya Pradesh,East Nimar,madhya pradesh,east nimar
Madhya Pradesh,Guna,madhya pradesh,guna
Madhya Pradesh,Gwalior,madhya pradesh,gwalior
Madhya Pradesh,Hoshangabad,madhya pradesh,hoshangabad
Madhya Pradesh,Indore,madhya pradesh,indore
Madhya Pradesh,Jabalpur,madhya pradesh,jabalpur
Madhya Pradesh,Jhabua,madhya pradesh,jhabua
Madhya Pradesh,Katni,madhya pradesh,katni
Madhya Pradesh,Khargone,madhya pradesh,west nimar
Madhya Pradesh,Mandla,madhya pradesh,mandla
Madhya Pradesh,Mandsaur,madhya pradesh,mandsaur
Madhya Pradesh,Morena,madhya pradesh,morena
Madhya Pradesh,Narsinghpur,madhya pradesh,narsimhapur
Madhya Pradesh,Neemuch,madhya pradesh,neemuch
Madhya Pradesh,Panna,madhya pradesh,panna
Madhya Pradesh,Raisen,madhya pradesh,raisen
Madhya Pradesh,Rajgarh,madhya pradesh,rajgarh
Madhya Pradesh,Ratlam,madhya pradesh,ratlam
Madhya Pradesh,Rewa,madhya pradesh,rewa
Madhya Pradesh,Sagar,madhya pradesh,sagar
Madhya Pradesh,Satna,madhya pradesh,satna
Madhya Pradesh,Sehore,madhya pradesh,sehore
Madhya Pradesh,Seoni,madhya pradesh,seoni
Madhya Pradesh,Shahdol,madhya pradesh,shahdol
Madhya Pradesh,Shajapur,madhya pradesh,shajapur
Madhya Pradesh,Shivpuri,madhya pradesh,shivpuri
Madhya Pradesh,Sidhi,madhya pradesh,sidhi
Madhya Pradesh,Singrauli,madhya pradesh,singrauli
Madhya Pradesh,Tikamgarh,madhya pradesh,tikamgarh
Madhya Pradesh,Ujjain,madhya pradesh,ujjain
Maharashtra,Ahmednagar,maharashtra,ahmadnagar
Maharashtra,Akola,maharashtra,akola
Maharashtra,Amravati,maharashtra,amravati
Maharashtra,Aurangabad,maharashtra,aurangabad
Maharashtra,Beed,maharashtra,beed
Maharashtra,Bhandara,maharashtra,bhandara
Maharashtra,Buldhana,maharashtra,buldana
Maharashtra,Chandrapur,maharashtra,chandrapur
Maharashtra,Dhule,maharashtra,dhule
Maharashtra,Gadchiroli,maharashtra,gadchiroli
Maharashtra,Gondia,maharashtra,gondiya
Maharashtra,Hingoli,maharashtra,hingoli
Maharashtra,Jalgaon,maharashtra,jalgaon
Maharashtra,Jalna,maharashtra,jalna
Maharashtra,Kolhapur,maharashtra,kolhapur
Maharashtra,Latur,maharashtra,latur
Maharashtra,Nagpur,maharashtra,nagpur
Maharashtra,Nanded,maharashtra,nanded
Maharashtra,Nandurbar,maharashtra,nandurbar
Maharashtra,Nashik,maharashtra,nashik
Maharashtra,Osmanabad,maharashtra,osmanabad
Maharashtra,Palghar,maharashtra,thane
Maharashtra,Parbhani,maharashtra,parbhani
Maharashtra,Pune,maharashtra,pune
Maharashtra,Raigad,maharashtra,raigad
Maharashtra,Ratnagiri,maharashtra,ratnagiri
Maharashtra,Sangli,maharashtra,sangli
Maharashtra,Satara,maharashtra,satara
Maharashtra,Sindhudurg,maharashtra,sindhudurg
Maharashtra,Solapur,maharashtra,solapur
Maharashtra,Thane,maharashtra,thane
Maharashtra,Wardha,maharashtra,wardha
Maharashtra,Washim,maharashtra,washim
Maharashtra,Yavatmal,maharashtra,yavatmal
Manipur,Bishnupur,manipur,bishnupur
Manipur,Chandel,manipur,chandel
Manipur,Churachandpur,manipur,churachandpur
Manipur,Imphal East,manipur,imphal east
Manipur,Imphal West,manipur,imphal west
Manipur,Senapati,manipur,senapati
Manipur,Tamenglong,manipur,tamenglong
Manipur,Thoubal,manipur,thoubal
Manipur,Ukhrul,manipur,ukhrul
Meghalaya,East Garo Hills,meghalaya,east garo hills
Meghalaya,East Jaintia Hills,meghalaya,jaintia hills
Meghalaya,East Khasi Hills,meghalaya,east khasi hills
Meghalaya,North Garo Hills,meghalaya,north garo hills
Meghalaya,Ri Bhoi,meghalaya,ribhoi
Meghalaya,South Garo Hills,meghalaya,south garo hills
Meghalaya,South West Garo Hills,meghalaya,south west garo hills
Meghalaya,West Garo Hills,meghalaya,west garo hills
Meghalaya,West Jaintia Hills,meghalaya,jaintia hills
Meghalaya,West Khasi Hills,meghalaya,west khasi hills
Mizoram,Aizawl,mizoram,aizawl
Mizoram,Lawngtlai,mizoram,lawngtlai
Mizoram,Lunglei,mizoram,lunglei
Mizoram,Saiha,mizoram,saiha
Mizoram,Serchhip,mizoram,serchhip
Nagaland,Dimapur,nagaland,dimapur
Nagaland,Mokokchung,nagaland,mokokchung
Nagaland,Mon,nagaland,mon
Nagaland,Phek,nagaland,phek
Nagaland,Wokha,nagaland,wokha
Odisha,Anugul,odisha,anugul
Odisha,Balangir,odisha,balangir
Odisha,Baleshwar,odisha,baleshwar
Odisha,Bargarh,odisha,bargarh
Odisha,Bhadrak,odisha,bhadrak
Odisha,Cuttack,odisha,cuttack
Odisha,Deogarh,odisha,deogarh
Odisha,Dhenkanal,odisha,dhenkanal
Odisha,Ganjam,odisha,ganjam
Odisha,Jagatsinghapur,odisha,jagatsinghapur
Odisha,Jajapur,odisha,jajapur
Odisha,Jharsuguda,odisha,jharsuguda
Odisha,Kalahandi,odisha,kalahandi
Odisha,Kandhamal,odisha,kandhamal
Odisha,Kendrapara,odisha,kendrapara
Odisha,Kendujhar,odisha,kendujhar
Odisha,Khordha,odisha,khordha
Odisha,Koraput,odisha,koraput
Odisha,Malkangiri,odisha,malkangiri
Odisha,Mayurbhanj,odisha,mayurbhanj
Odisha,Nabarangpur,odisha,nabarangpur
Odisha,Nayagarh,odisha,nayagarh
Odisha,Nuapada,odisha,nuapada
Odisha,Puri,odisha,puri
Odisha,Rayagada,odisha,rayagada
Odisha,Sambalpur,odisha,sambalpur
Odisha,Sonepur,odisha,sonepur
Odisha,Sundargarh,odisha,sundargarh
Puducherry,Karaikal,puducherry,karaikal
Puducherry,Pondicherry,puducherry,pondicherry
Punjab,Amritsar,punjab,amritsar
Punjab,Bathinda,punjab,bathinda
Punjab,Faridkot,punjab,faridkot
Punjab,Fatehgarh Sahib,punjab,fatehgarh sahib
Punjab,Fazilka,punjab,firozpur
Punjab,Firozepur,punjab,firozpur
Punjab,Gurdaspur,punjab,gurdaspur
Punjab,Hoshiarpur,punjab,hoshiarpur
Punjab,Jalandhar,punjab,jalandhar
Punjab,Kapurthala,punjab,kapurthala
Punjab,Ludhiana,punjab,ludhiana
Punjab,Mansa,punjab,mansa
Punjab,Moga,punjab,moga
Punjab,Muktsar,punjab,muktsar
Punjab,Pathankot,punjab,gurdaspur
Punjab,Patiala,punjab,patiala
Punjab,Rupnagar,punjab,rupnagar
Punjab,S.a.s Nagar,punjab,sahibzada ajit singh nagar
Punjab,Sangrur,punjab,sangrur
Punjab,Tarn Taran,punjab,tarn taran
Rajasthan,Ajmer,rajasthan,ajmer
Rajasthan,Alwar,rajasthan,alwar
Rajasthan,Banswara,rajasthan,banswara
Rajasthan,Barmer,rajasthan,barmer
Rajasthan,Bharatpur,rajasthan,bharatpur
Rajasthan,Bhilwara,rajasthan,bhilwara
Rajasthan,Bikaner,rajasthan,bikaner
Rajasthan,Bundi,rajasthan,bundi
Rajasthan,Chittorgarh,rajasthan,chittaurgarh
Rajasthan,Churu,rajasthan,churu
Rajasthan,Dausa,rajasthan,dausa
Rajasthan,Dholpur,rajasthan,dhaulpur
Rajasthan,Dungarpur,rajasthan,dungarpur
Rajasthan,Ganganagar,rajasthan,ganganagar
Rajasthan,Hanumangarh,rajasthan,hanumangarh
Rajasthan,Jaipur,rajasthan,jaipur
Rajasthan,Jaisalmer,rajasthan,jaisalmer
Rajasthan,Jalore,rajasthan,jalor
Rajasthan,Jhalawar,rajasthan,jhalawar
Rajasthan,Jhunjhunu,rajasthan,jhunjhunun
Rajasthan,Jodhpur,rajasthan,jodhpur
Rajasthan,Karauli,rajasthan,karauli
Rajasthan,Kota,rajasthan,kota
Rajasthan,Nagaur,rajasthan,nagaur
Rajasthan,Pali,rajasthan,pali
Rajasthan,Pratapgarh,rajasthan,pratapgarh
Rajasthan,Rajsamand,rajasthan,rajsamand
Rajasthan,Sikar,rajasthan,sikar
Rajasthan,Sirohi,rajasthan,sirohi
Rajasthan,Tonk,rajasthan,tonk
Rajasthan,Udaipur,rajasthan,udaipur
Sikkim,East District,sikkim,east district
Sikkim,North District,sikkim,north district
Sikkim,South District,sikkim,south district
Sikkim,West District,sikkim,west district
Tamil Nadu,Ariyalur,tamil nadu,ariyalur
Tamil Nadu,Chengalpattu,tamil nadu,kancheepuram
Tamil Nadu,Coimbatore,tamil nadu,coimbatore
Tamil Nadu,Cuddalore,tamil nadu,cuddalore
Tamil Nadu,Dharmapuri,tamil nadu,dharmapuri
Tamil Nadu,Dindigul,tamil nadu,dindigul
Tamil Nadu,Erode,tamil nadu,erode
Tamil Nadu,Kallakurichi,tamil nadu,viluppuram
Tamil Nadu,Kanchipuram,tamil nadu,kanchipuram
Tamil Nadu,Kanniyakumari,tamil nadu,kanniyakumari
Tamil Nadu,Karur,tamil nadu,karur
Tamil Nadu,Krishnagiri,tamil nadu,krishnagiri
Tamil Nadu,Madurai,tamil nadu,madurai
Tamil Nadu,Mayiladuthurai,tamil nadu,nagapattinam
Tamil Nadu,Nagapattinam,tamil nadu,nagapattinam
Tamil Nadu,Namakkal,tamil nadu,namakkal
Tamil Nadu,Perambalur,tamil nadu,perambalur
Tamil Nadu,Pudukkottai,tamil nadu,pudukkottai
Tamil Nadu,Ramanathapuram,tamil nadu,ramanathapuram
Tamil Nadu,Ranipet,tamil nadu,vellore
Tamil Nadu,Salem,tamil nadu,salem
Tamil Nadu,Sivagangai,tamil nadu,sivaganga
Tamil Nadu,Tenkasi,tamil nadu,tirunelveli
Tamil Nadu,Thanjavur,tamil nadu,thanjavur
Tamil Nadu,The Nilgiris,tamil nadu,the nilgiris
Tamil Nadu,Theni,tamil nadu,theni
Tamil Nadu,Thoothukkudi,tamil nadu,thoothukkudi
Tamil Nadu,Tiruchirappalli,tamil nadu,tiruchirappalli
Tamil Nadu,Tirunelveli,tamil nadu,tirunelveli
Tamil Nadu,Tirupathur,tamil nadu,vellore
Tamil Nadu,Tiruppur,tamil nadu,tiruppur
Tamil Nadu,Tiruvallur,tamil nadu,thiruvallur
Tamil Nadu,Tiruvannamalai,tamil nadu,tiruvannamalai
Tamil Nadu,Tiruvarur,tamil nadu,thiruvarur
Tamil Nadu,Vellore,tamil nadu,vellore
Tamil Nadu,Villupuram,tamil nadu,villupuram
Tamil Nadu,Virudhunagar,tamil nadu,virudhunagar
Telangana,Adilabad,andhra pradesh,adilabad
Telangana,Bhadradri Kothagudem,andhra pradesh,khammam
Telangana,Jagtial,andhra pradesh,karimnagar
Telangana,Jangaon,andhra pradesh,warangal
Telangana,Karimnagar,andhra pradesh,karimnagar
Telangana,Khammam,andhra pradesh,khammam
Telangana,Kumram Bheem(asifabad),andhra pradesh,adilabad
Telangana,Mahbubnagar,andhra pradesh,mahbubnagar
Telangana,Medak,andhra pradesh,medak
Telangana,Medchal,andhra pradesh,rangareddy
Telangana,Nagarkurnool,andhra pradesh,mahbubnagar
Telangana,Nalgonda,andhra pradesh,nalgonda
Telangana,Narayanpet,andhra pradesh,mahbubnagar
Telangana,Nirmal,andhra pradesh,adilabad
Telangana,Nizamabad,andhra pradesh,nizamabad
Telangana,Rangareddi,andhra pradesh,rangareddy
Telangana,Siddipet,andhra pradesh,medak
Telangana,Sirsilla,andhra pradesh,karimnagar
Telangana,Suryapet,andhra pradesh,nalgonda
Telangana,Warangal,andhra pradesh,warangal
Telangana,Warangal (urban),andhra pradesh,warangal
Telangana,Yadadri,andhra pradesh,nalgonda
Tripura,Dhalai,tripura,dhalai
Tripura,Gomati,tripura,gomati
Tripura,North Tripura,tripura,north tripura
Tripura,Sepahijala,tripura,sepahijala
Tripura,South Tripura,tripura,south tripura
Tripura,Unakoti,tripura,unakoti
Tripura,West Tripura,tripura,west tripura
Ut Of Dadra And Nagar Haveli And Daman And Diu,Daman,ut of dadra and nagar haveli and daman and diu,daman
Ut Of Dadra And Nagar Haveli And Daman And Diu,Diu,ut of dadra and nagar haveli and daman and diu,diu
Uttar Pradesh,Agra,uttar pradesh,agra
Uttar Pradesh,Aligarh,uttar pradesh,aligarh
Uttar Pradesh,Ambedkar Nagar,uttar pradesh,ambedkar nagar
Uttar Pradesh,Amethi,uttar pradesh,sultanpur
Uttar Pradesh,Amroha,uttar pradesh,jyotiba phule nagar
Uttar Pradesh,Auraiya,uttar pradesh,auraiya
Uttar Pradesh,Ayodhaya,uttar pradesh,faizabad
Uttar Pradesh,Azamgarh,uttar pradesh,azamgarh
Uttar Pradesh,Baghpat,uttar pradesh,baghpat
Uttar Pradesh,Bahraich,uttar pradesh,bahraich
Uttar Pradesh,Ballia,uttar pradesh,ballia
Uttar Pradesh,Balrampur,uttar pradesh,balrampur
Uttar Pradesh,Banda,uttar pradesh,banda
Uttar Pradesh,Barabanki,uttar pradesh,bara banki
Uttar Pradesh,Bareilly,uttar pradesh,bareilly
Uttar Pradesh,Basti,uttar pradesh,basti
Uttar Pradesh,Bijnor,uttar pradesh,bijnor
Uttar Pradesh,Budaun,uttar pradesh,budaun
Uttar Pradesh,Bulandshahr,uttar pradesh,bulandshahr
Uttar Pradesh,Chandauli,uttar pradesh,chandauli
Uttar Pradesh,Chitrakoot,uttar pradesh,chitrakoot
Uttar Pradesh,Deoria,uttar pradesh,deoria
Uttar Pradesh,Etah,uttar pradesh,etah
Uttar Pradesh,Etawah,uttar pradesh,etawah
Uttar Pradesh,Farrukhabad,uttar pradesh,farrukhabad
Uttar Pradesh,Fatehpur,uttar pradesh,fatehpur
Uttar Pradesh,Firozabad,uttar pradesh,firozabad
Uttar Pradesh,Gautam Buddha Nagar,uttar pradesh,gautam buddha nagar
Uttar Pradesh,Ghaziabad,uttar pradesh,ghaziabad
Uttar Pradesh,Ghazipur,uttar pradesh,ghazipur
Uttar Pradesh,Gonda,uttar pradesh,gonda
Uttar Pradesh,Gorakhpur,uttar pradesh,gorakhpur
Uttar Pradesh,Hamirpur,uttar pradesh,hamirpur
Uttar Pradesh,Hapur,uttar pradesh,ghaziabad
Uttar Pradesh,Hardoi,uttar pradesh,hardoi
Uttar Pradesh,Hathras,uttar pradesh,hathras
Uttar Pradesh,Jalaun,uttar pradesh,jalaun
Uttar Pradesh,Jaunpur,uttar pradesh,jaunpur
Uttar Pradesh,Jhansi,uttar pradesh,jhansi
Uttar Pradesh,Kannauj,uttar pradesh,kannauj
Uttar Pradesh,Kanpur Dehat,uttar pradesh,kanpur dehat
Uttar Pradesh,Kanpur Nagar,uttar pradesh,kanpur nagar
Uttar Pradesh,Kasganj,uttar pradesh,kanshiram nagar
Uttar Pradesh,Kaushambi,uttar pradesh,kaushambi
Uttar Pradesh,Kheri,uttar pradesh,kheri
Uttar Pradesh,Kushi Nagar,uttar pradesh,kushi nagar
Uttar Pradesh,Lalitpur,uttar pradesh,lalitpur
Uttar Pradesh,Lucknow,uttar pradesh,lucknow
Uttar Pradesh,Maharajganj,uttar pradesh,maharajganj
Uttar Pradesh,Mahoba,uttar pradesh,mahoba
Uttar Pradesh,Mainpuri,uttar pradesh,mainpuri
Uttar Pradesh,Mathura,uttar pradesh,mathura
Uttar Pradesh,Mau,uttar pradesh,mau
Uttar Pradesh,Meerut,uttar pradesh,meerut
Uttar Pradesh,Mirzapur,uttar pradesh,mirzapur
Uttar Pradesh,Moradabad,uttar pradesh,moradabad
Uttar Pradesh,Muzaffarnagar,uttar pradesh,muzaffarnagar
Uttar Pradesh,Pilibhit,uttar pradesh,pilibhit
Uttar Pradesh,Pratapgarh,uttar pradesh,pratapgarh
Uttar Pradesh,Prayagraaj,uttar pradesh,allahabad
Uttar Pradesh,Rae Bareli,uttar pradesh,rae bareli
Uttar Pradesh,Rampur,uttar pradesh,rampur
Uttar Pradesh,Saharanpur,uttar pradesh,saharanpur
Uttar Pradesh,Sambhal,uttar pradesh,moradabad
Uttar Pradesh,Sant Kabeer Nagar,uttar pradesh,sant kabeer nagar
Uttar Pradesh,Sant Ravidas Nagar,uttar pradesh,sant ravidas nagar bhadohi
Uttar Pradesh,Shahjahanpur,uttar pradesh,shahjahanpur
Uttar Pradesh,Shamli,uttar pradesh,muzaffarnagar
Uttar Pradesh,Shravasti,uttar pradesh,shravasti
Uttar Pradesh,Siddharth Nagar,uttar pradesh,siddharth nagar
Uttar Pradesh,Sitapur,uttar pradesh,sitapur
Uttar Pradesh,Sonbhadra,uttar pradesh,sonbhadra
Uttar Pradesh,Sultanpur,uttar pradesh,sultanpur
Uttar Pradesh,Unnao,uttar pradesh,unnao
Uttar Pradesh,Varanasi,uttar pradesh,varanasi
Uttarakhand,Almora,uttarakhand,almora
Uttarakhand,Bageshwar,uttarakhand,bageshwar
Uttarakhand,Chamoli,uttarakhand,chamoli
Uttarakhand,Champawat,uttarakhand,champawat
Uttarakhand,Dehradun,uttarakhand,dehradun
Uttarakhand,Haridwar,uttarakhand,hardwar
Uttarakhand,Nainital,uttarakhand,nainital
Uttarakhand,Pauri Garhwal,uttarakhand,pauri garhwal
Uttarakhand,Pithoragarh,uttarakhand,pithoragarh
Uttarakhand,Rudra Prayag,uttarakhand,rudra prayag
Uttarakhand,Tehri Garhwal,uttarakhand,tehri garhwal
Uttarakhand,Udam Singh Nagar,uttarakhand,udam singh nagar
Uttarakhand,Uttar Kashi,uttarakhand,uttar kashi
West Bengal,Bankura,west bengal,bankura
West Bengal,Darjeeling,west bengal,darjiling
West Bengal,Howrah,west bengal,haora
West Bengal,Medinipur West,west bengal,medinipur west
